id,file_name,coco_url,width,height,license,flickr_url
285,000000000285.jpg,http://images.cocodataset.org/val2017/000000000285.jpg,586,640,4,http://farm8.staticflickr.com/7434/9138147604_c6225224b8_z.jpg
2431,000000002431.jpg,http://images.cocodataset.org/val2017/000000002431.jpg,457,640,6,http://farm8.staticflickr.com/7383/9120002127_dfc92d5b80_z.jpg
2473,000000002473.jpg,http://images.cocodataset.org/val2017/000000002473.jpg,640,427,4,http://farm5.staticflickr.com/4027/4377710907_7b97c2464d_z.jpg
5529,000000005529.jpg,http://images.cocodataset.org/val2017/000000005529.jpg,444,640,2,http://farm6.staticflickr.com/5325/6906499706_9db8c37927_z.jpg
8211,000000008211.jpg,http://images.cocodataset.org/val2017/000000008211.jpg,640,459,3,http://farm5.staticflickr.com/4103/5055051223_ed3fe568bb_z.jpg
8899,000000008899.jpg,http://images.cocodataset.org/val2017/000000008899.jpg,640,539,2,http://farm8.staticflickr.com/7273/7722123984_0d123099bd_z.jpg
13348,000000013348.jpg,http://images.cocodataset.org/val2017/000000013348.jpg,640,427,4,http://farm9.staticflickr.com/8286/7733450942_0da3e941b4_z.jpg
15338,000000015338.jpg,http://images.cocodataset.org/val2017/000000015338.jpg,640,424,1,http://farm9.staticflickr.com/8526/8519097250_f635a04651_z.jpg
15440,000000015440.jpg,http://images.cocodataset.org/val2017/000000015440.jpg,404,640,2,http://farm4.staticflickr.com/3261/2870016347_39ffc0ca45_z.jpg
15751,000000015751.jpg,http://images.cocodataset.org/val2017/000000015751.jpg,640,427,1,http://farm8.staticflickr.com/7351/9419515091_a211b75ce5_z.jpg
16228,000000016228.jpg,http://images.cocodataset.org/val2017/000000016228.jpg,640,440,3,http://farm4.staticflickr.com/3737/10031812195_372ae7538f_z.jpg
19042,000000019042.jpg,http://images.cocodataset.org/val2017/000000019042.jpg,640,371,6,http://farm8.staticflickr.com/7289/9652593344_4469e9a6f1_z.jpg
20107,000000020107.jpg,http://images.cocodataset.org/val2017/000000020107.jpg,333,500,3,http://farm2.staticflickr.com/1311/968078473_4a7d696ec6_z.jpg
22935,000000022935.jpg,http://images.cocodataset.org/val2017/000000022935.jpg,640,480,1,http://farm8.staticflickr.com/7096/7260379992_ce80a4107c_z.jpg
24021,000000024021.jpg,http://images.cocodataset.org/val2017/000000024021.jpg,640,390,1,http://farm9.staticflickr.com/8470/8127204603_008379f04d_z.jpg
24243,000000024243.jpg,http://images.cocodataset.org/val2017/000000024243.jpg,640,480,3,http://farm8.staticflickr.com/7229/7230881318_e8066a21cb_z.jpg
25181,000000025181.jpg,http://images.cocodataset.org/val2017/000000025181.jpg,640,427,5,http://farm9.staticflickr.com/8501/8308004994_44eb2d562d_z.jpg
25603,000000025603.jpg,http://images.cocodataset.org/val2017/000000025603.jpg,640,480,3,http://farm5.staticflickr.com/4105/4961922351_e152eb6e65_z.jpg
26690,000000026690.jpg,http://images.cocodataset.org/val2017/000000026690.jpg,427,640,1,http://farm9.staticflickr.com/8171/8067493921_fe3e2b965d_z.jpg
30494,000000030494.jpg,http://images.cocodataset.org/val2017/000000030494.jpg,640,480,1,http://farm4.staticflickr.com/3447/3263301518_8a9fb1c293_z.jpg
31050,000000031050.jpg,http://images.cocodataset.org/val2017/000000031050.jpg,427,640,3,http://farm7.staticflickr.com/6095/6213743903_747edef905_z.jpg
31118,000000031118.jpg,http://images.cocodataset.org/val2017/000000031118.jpg,640,427,2,http://farm8.staticflickr.com/7450/10115881873_0a36bd0e10_z.jpg
31217,000000031217.jpg,http://images.cocodataset.org/val2017/000000031217.jpg,640,426,1,http://farm9.staticflickr.com/8123/8655428554_575a1c878c_z.jpg
32081,000000032081.jpg,http://images.cocodataset.org/val2017/000000032081.jpg,375,500,2,http://farm4.staticflickr.com/3038/2649959457_0376fe3fa3_z.jpg
32570,000000032570.jpg,http://images.cocodataset.org/val2017/000000032570.jpg,640,427,3,http://farm6.staticflickr.com/5107/5645931722_36d741bc2f_z.jpg
32817,000000032817.jpg,http://images.cocodataset.org/val2017/000000032817.jpg,480,640,2,http://farm3.staticflickr.com/2019/2124337864_e8ae969bb8_z.jpg
35326,000000035326.jpg,http://images.cocodataset.org/val2017/000000035326.jpg,640,480,2,http://farm1.staticflickr.com/91/248935424_f27aec0c76_z.jpg
36494,000000036494.jpg,http://images.cocodataset.org/val2017/000000036494.jpg,640,434,2,http://farm3.staticflickr.com/2694/4165136971_1fd5055078_z.jpg
38829,000000038829.jpg,http://images.cocodataset.org/val2017/000000038829.jpg,640,427,1,http://farm8.staticflickr.com/7033/6799538227_e49c4d13bc_z.jpg
39769,000000039769.jpg,http://images.cocodataset.org/val2017/000000039769.jpg,640,480,5,http://farm1.staticflickr.com/60/210383891_f91a89fd5e_z.jpg
43435,000000043435.jpg,http://images.cocodataset.org/val2017/000000043435.jpg,638,640,4,http://farm4.staticflickr.com/3705/9683286086_a3e09af27b_z.jpg
43816,000000043816.jpg,http://images.cocodataset.org/val2017/000000043816.jpg,640,426,3,http://farm4.staticflickr.com/3263/2320943284_32fbdba4e2_z.jpg
44068,000000044068.jpg,http://images.cocodataset.org/val2017/000000044068.jpg,480,640,3,http://farm1.staticflickr.com/50/116979227_f90cfed55d_z.jpg
44195,000000044195.jpg,http://images.cocodataset.org/val2017/000000044195.jpg,361,500,1,http://farm4.staticflickr.com/3020/2951496008_359d01cff5_z.jpg
47585,000000047585.jpg,http://images.cocodataset.org/val2017/000000047585.jpg,424,640,1,http://farm7.staticflickr.com/6103/6218610852_83446bd59e_z.jpg
47740,000000047740.jpg,http://images.cocodataset.org/val2017/000000047740.jpg,640,359,6,http://farm2.staticflickr.com/1426/4720675807_cd23e73b1c_z.jpg
48396,000000048396.jpg,http://images.cocodataset.org/val2017/000000048396.jpg,640,427,6,http://farm9.staticflickr.com/8111/8655578199_071e3e3c80_z.jpg
48504,000000048504.jpg,http://images.cocodataset.org/val2017/000000048504.jpg,640,427,2,http://farm8.staticflickr.com/7277/7490351172_b2e440de09_z.jpg
48555,000000048555.jpg,http://images.cocodataset.org/val2017/000000048555.jpg,640,465,1,http://farm9.staticflickr.com/8235/8576340280_febe979e83_z.jpg
50331,000000050331.jpg,http://images.cocodataset.org/val2017/000000050331.jpg,640,480,1,http://farm4.staticflickr.com/3148/2543913854_76c6f40865_z.jpg
51008,000000051008.jpg,http://images.cocodataset.org/val2017/000000051008.jpg,640,480,3,http://farm4.staticflickr.com/3553/3457510870_8791f8bf2b_z.jpg
51712,000000051712.jpg,http://images.cocodataset.org/val2017/000000051712.jpg,640,368,3,http://farm6.staticflickr.com/5101/5597324933_b3d66bd0bb_z.jpg
55022,000000055022.jpg,http://images.cocodataset.org/val2017/000000055022.jpg,480,640,1,http://farm8.staticflickr.com/7151/6645582823_0056e535a9_z.jpg
57672,000000057672.jpg,http://images.cocodataset.org/val2017/000000057672.jpg,640,480,1,http://farm1.staticflickr.com/16/19248402_cec69d5610_z.jpg
60449,000000060449.jpg,http://images.cocodataset.org/val2017/000000060449.jpg,480,640,2,http://farm3.staticflickr.com/2664/4150090398_6a7d30fb0a_z.jpg
61108,000000061108.jpg,http://images.cocodataset.org/val2017/000000061108.jpg,640,480,3,http://farm3.staticflickr.com/2555/4084750170_96bac0844a_z.jpg
61471,000000061471.jpg,http://images.cocodataset.org/val2017/000000061471.jpg,640,480,1,http://farm1.staticflickr.com/11/12252917_d0098232e4_z.jpg
61747,000000061747.jpg,http://images.cocodataset.org/val2017/000000061747.jpg,640,574,2,http://farm5.staticflickr.com/4036/4453631343_ded9e50064_z.jpg
63047,000000063047.jpg,http://images.cocodataset.org/val2017/000000063047.jpg,640,561,4,http://farm2.staticflickr.com/1104/823971263_ac4677ca84_z.jpg
65350,000000065350.jpg,http://images.cocodataset.org/val2017/000000065350.jpg,640,427,4,http://farm5.staticflickr.com/4139/4869131880_ae3de10447_z.jpg
65455,000000065455.jpg,http://images.cocodataset.org/val2017/000000065455.jpg,500,375,2,http://farm3.staticflickr.com/2339/1956473410_953014c695_z.jpg
65798,000000065798.jpg,http://images.cocodataset.org/val2017/000000065798.jpg,640,480,4,http://farm5.staticflickr.com/4047/4545471247_08be6b58e5_z.jpg
68387,000000068387.jpg,http://images.cocodataset.org/val2017/000000068387.jpg,640,480,3,http://farm4.staticflickr.com/3007/3003613011_2f403f35fd_z.jpg
71226,000000071226.jpg,http://images.cocodataset.org/val2017/000000071226.jpg,640,426,3,http://farm1.staticflickr.com/222/464840939_5dd74b72e8_z.jpg
71877,000000071877.jpg,http://images.cocodataset.org/val2017/000000071877.jpg,428,640,6,http://farm7.staticflickr.com/6045/6215776947_40f1e3720b_z.jpg
73326,000000073326.jpg,http://images.cocodataset.org/val2017/000000073326.jpg,640,480,1,http://farm6.staticflickr.com/5183/5781517899_783a64ac16_z.jpg
73533,000000073533.jpg,http://images.cocodataset.org/val2017/000000073533.jpg,640,480,6,http://farm1.staticflickr.com/60/169520835_9e8e36564b_z.jpg
78565,000000078565.jpg,http://images.cocodataset.org/val2017/000000078565.jpg,640,499,7,http://farm2.staticflickr.com/1299/4603303064_8d415a5200_z.jpg
79229,000000079229.jpg,http://images.cocodataset.org/val2017/000000079229.jpg,640,426,1,http://farm3.staticflickr.com/2563/4091237215_750156c310_z.jpg
79969,000000079969.jpg,http://images.cocodataset.org/val2017/000000079969.jpg,426,640,6,http://farm5.staticflickr.com/4073/4900461152_cb6d20f178_z.jpg
80057,000000080057.jpg,http://images.cocodataset.org/val2017/000000080057.jpg,423,640,3,http://farm3.staticflickr.com/2324/2140853024_dffb82fedb_z.jpg
80932,000000080932.jpg,http://images.cocodataset.org/val2017/000000080932.jpg,480,640,4,http://farm5.staticflickr.com/4075/5487804660_f06d600b35_z.jpg
81061,000000081061.jpg,http://images.cocodataset.org/val2017/000000081061.jpg,640,442,5,http://farm7.staticflickr.com/6114/6343957302_e2b3590013_z.jpg
82846,000000082846.jpg,http://images.cocodataset.org/val2017/000000082846.jpg,640,454,3,http://farm9.staticflickr.com/8481/8187720838_8ff0c02dbd_z.jpg
83172,000000083172.jpg,http://images.cocodataset.org/val2017/000000083172.jpg,640,427,1,http://farm3.staticflickr.com/2478/4007980007_ba870ec1fa_z.jpg
84431,000000084431.jpg,http://images.cocodataset.org/val2017/000000084431.jpg,361,640,1,http://farm6.staticflickr.com/5130/5347802144_547c922607_z.jpg
84664,000000084664.jpg,http://images.cocodataset.org/val2017/000000084664.jpg,612,612,1,http://farm9.staticflickr.com/8104/8641484887_41d3c201cf_z.jpg
85665,000000085665.jpg,http://images.cocodataset.org/val2017/000000085665.jpg,506,640,1,http://farm8.staticflickr.com/7185/6985811447_3cc6c7f859_z.jpg
87875,000000087875.jpg,http://images.cocodataset.org/val2017/000000087875.jpg,640,487,4,http://farm4.staticflickr.com/3625/4628170230_5aa5135db0_z.jpg
88250,000000088250.jpg,http://images.cocodataset.org/val2017/000000088250.jpg,640,426,3,http://farm6.staticflickr.com/5001/5272353612_5d0e4a18a6_z.jpg
88345,000000088345.jpg,http://images.cocodataset.org/val2017/000000088345.jpg,640,425,6,http://farm6.staticflickr.com/5234/5885795245_c089db18a3_z.jpg
90003,000000090003.jpg,http://images.cocodataset.org/val2017/000000090003.jpg,640,480,2,http://farm7.staticflickr.com/6160/6217629834_9375312717_z.jpg
90062,000000090062.jpg,http://images.cocodataset.org/val2017/000000090062.jpg,640,425,1,http://farm9.staticflickr.com/8483/8202487076_1e05a31a9b_z.jpg
92660,000000092660.jpg,http://images.cocodataset.org/val2017/000000092660.jpg,640,427,1,http://farm6.staticflickr.com/5021/5625580778_33e6ea680e_z.jpg
92839,000000092839.jpg,http://images.cocodataset.org/val2017/000000092839.jpg,640,517,3,http://farm9.staticflickr.com/8216/8330152144_4d06c2d888_z.jpg
96427,000000096427.jpg,http://images.cocodataset.org/val2017/000000096427.jpg,640,427,2,http://farm9.staticflickr.com/8257/8666569713_ab1b559d3b_z.jpg
98392,000000098392.jpg,http://images.cocodataset.org/val2017/000000098392.jpg,480,640,4,http://farm3.staticflickr.com/2502/4159425709_43b95a16d7_z.jpg
100510,000000100510.jpg,http://images.cocodataset.org/val2017/000000100510.jpg,600,400,4,http://farm6.staticflickr.com/5547/9059818049_548550bd8f_z.jpg
102820,000000102820.jpg,http://images.cocodataset.org/val2017/000000102820.jpg,427,640,3,http://farm4.staticflickr.com/3739/9064269236_92069178fe_z.jpg
104198,000000104198.jpg,http://images.cocodataset.org/val2017/000000104198.jpg,500,375,1,http://farm4.staticflickr.com/3348/3196028603_9c3dce2341_z.jpg
104424,000000104424.jpg,http://images.cocodataset.org/val2017/000000104424.jpg,424,640,1,http://farm7.staticflickr.com/6191/6092305777_faf074a3cd_z.jpg
108244,000000108244.jpg,http://images.cocodataset.org/val2017/000000108244.jpg,640,480,5,http://farm1.staticflickr.com/49/165710819_fb98979f1e_z.jpg
110449,000000110449.jpg,http://images.cocodataset.org/val2017/000000110449.jpg,500,375,4,http://farm4.staticflickr.com/3189/2947274789_a1a35b33c3_z.jpg
111951,000000111951.jpg,http://images.cocodataset.org/val2017/000000111951.jpg,640,425,3,http://farm5.staticflickr.com/4131/5060005275_ddb3e66933_z.jpg
113354,000000113354.jpg,http://images.cocodataset.org/val2017/000000113354.jpg,640,480,3,http://farm2.staticflickr.com/1345/4731755506_b87b3c57e5_z.jpg
115118,000000115118.jpg,http://images.cocodataset.org/val2017/000000115118.jpg,640,427,3,http://farm9.staticflickr.com/8237/8596485436_c72cb2de81_z.jpg
115885,000000115885.jpg,http://images.cocodataset.org/val2017/000000115885.jpg,500,375,1,http://farm3.staticflickr.com/2473/3696483647_307bb02393_z.jpg
115898,000000115898.jpg,http://images.cocodataset.org/val2017/000000115898.jpg,640,427,1,http://farm7.staticflickr.com/6077/6072866215_6fefbb1d47_z.jpg
115946,000000115946.jpg,http://images.cocodataset.org/val2017/000000115946.jpg,480,640,1,http://farm1.staticflickr.com/11/12517280_65a1991227_z.jpg
118515,000000118515.jpg,http://images.cocodataset.org/val2017/000000118515.jpg,640,299,1,http://farm7.staticflickr.com/6181/6147788791_ca80e89fc8_z.jpg
118594,000000118594.jpg,http://images.cocodataset.org/val2017/000000118594.jpg,640,480,2,http://farm8.staticflickr.com/7139/7766356622_5982b9784d_z.jpg
119677,000000119677.jpg,http://images.cocodataset.org/val2017/000000119677.jpg,640,480,3,http://farm4.staticflickr.com/3799/9667702619_8da6fe0e9c_z.jpg
121031,000000121031.jpg,http://images.cocodataset.org/val2017/000000121031.jpg,640,451,3,http://farm3.staticflickr.com/2639/3779781210_ffb22095d3_z.jpg
121242,000000121242.jpg,http://images.cocodataset.org/val2017/000000121242.jpg,640,429,3,http://farm3.staticflickr.com/2889/9760894795_642757ecea_z.jpg
121417,000000121417.jpg,http://images.cocodataset.org/val2017/000000121417.jpg,480,640,1,http://farm8.staticflickr.com/7170/6735219249_660fac2a1d_z.jpg
121497,000000121497.jpg,http://images.cocodataset.org/val2017/000000121497.jpg,640,480,6,http://farm3.staticflickr.com/2450/3764597892_7588bc1dd5_z.jpg
122962,000000122962.jpg,http://images.cocodataset.org/val2017/000000122962.jpg,640,424,1,http://farm8.staticflickr.com/7002/6849950899_fb164b18e6_z.jpg
123213,000000123213.jpg,http://images.cocodataset.org/val2017/000000123213.jpg,640,392,1,http://farm4.staticflickr.com/3296/2765087292_5356df67ce_z.jpg
123321,000000123321.jpg,http://images.cocodataset.org/val2017/000000123321.jpg,612,612,2,http://farm9.staticflickr.com/8401/8612126138_4c0a6bdc25_z.jpg
123585,000000123585.jpg,http://images.cocodataset.org/val2017/000000123585.jpg,480,640,2,http://farm3.staticflickr.com/2040/2245739781_bf4d8edbbe_z.jpg
126110,000000126110.jpg,http://images.cocodataset.org/val2017/000000126110.jpg,320,240,5,http://farm1.staticflickr.com/58/192105537_1b69c0b40d_z.jpg
127092,000000127092.jpg,http://images.cocodataset.org/val2017/000000127092.jpg,640,480,1,http://farm8.staticflickr.com/7283/9424705151_e1e48db969_z.jpg
127624,000000127624.jpg,http://images.cocodataset.org/val2017/000000127624.jpg,612,612,1,http://farm4.staticflickr.com/3788/9355978644_ce80b262f2_z.jpg
131379,000000131379.jpg,http://images.cocodataset.org/val2017/000000131379.jpg,640,480,3,http://farm4.staticflickr.com/3743/9020187303_22b1eba9a5_z.jpg
131386,000000131386.jpg,http://images.cocodataset.org/val2017/000000131386.jpg,640,427,5,http://farm6.staticflickr.com/5074/5860045248_f99b35c5c8_z.jpg
132408,000000132408.jpg,http://images.cocodataset.org/val2017/000000132408.jpg,429,640,6,http://farm4.staticflickr.com/3556/3477357156_7ae90323c6_z.jpg
133000,000000133000.jpg,http://images.cocodataset.org/val2017/000000133000.jpg,640,427,3,http://farm6.staticflickr.com/5464/9115292295_b9e655fa61_z.jpg
133087,000000133087.jpg,http://images.cocodataset.org/val2017/000000133087.jpg,640,429,3,http://farm8.staticflickr.com/7236/7400954768_a9b38d7673_z.jpg
134096,000000134096.jpg,http://images.cocodataset.org/val2017/000000134096.jpg,640,480,3,http://farm3.staticflickr.com/2085/2529900214_839f0e5e6a_z.jpg
135410,000000135410.jpg,http://images.cocodataset.org/val2017/000000135410.jpg,480,640,1,http://farm2.staticflickr.com/1039/1418871599_0eb113933c_z.jpg
135890,000000135890.jpg,http://images.cocodataset.org/val2017/000000135890.jpg,428,640,1,http://farm8.staticflickr.com/7105/7009547825_71de940e8d_z.jpg
138115,000000138115.jpg,http://images.cocodataset.org/val2017/000000138115.jpg,448,621,6,http://farm9.staticflickr.com/8230/8475895841_4709133127_z.jpg
138639,000000138639.jpg,http://images.cocodataset.org/val2017/000000138639.jpg,640,480,1,http://farm3.staticflickr.com/2610/4073486109_a163857799_z.jpg
140270,000000140270.jpg,http://images.cocodataset.org/val2017/000000140270.jpg,600,400,4,http://farm9.staticflickr.com/8121/8714346440_8ccf87db39_z.jpg
140420,000000140420.jpg,http://images.cocodataset.org/val2017/000000140420.jpg,640,428,1,http://farm5.staticflickr.com/4078/4912512028_7aed39571e_z.jpg
140556,000000140556.jpg,http://images.cocodataset.org/val2017/000000140556.jpg,640,457,4,http://farm9.staticflickr.com/8009/7421122526_0eec2dd48b_z.jpg
140640,000000140640.jpg,http://images.cocodataset.org/val2017/000000140640.jpg,640,426,3,http://farm6.staticflickr.com/5266/5673769591_868010e4fb_z.jpg
140929,000000140929.jpg,http://images.cocodataset.org/val2017/000000140929.jpg,640,401,1,http://farm5.staticflickr.com/4067/4646908565_11d64633c2_z.jpg
143931,000000143931.jpg,http://images.cocodataset.org/val2017/000000143931.jpg,640,480,1,http://farm9.staticflickr.com/8474/8145963753_2e334946c7_z.jpg
144984,000000144984.jpg,http://images.cocodataset.org/val2017/000000144984.jpg,426,640,1,http://farm4.staticflickr.com/3134/2579783123_be76cfc803_z.jpg
146358,000000146358.jpg,http://images.cocodataset.org/val2017/000000146358.jpg,388,640,3,http://farm9.staticflickr.com/8290/7766608488_05511ccb5b_z.jpg
147745,000000147745.jpg,http://images.cocodataset.org/val2017/000000147745.jpg,640,480,4,http://farm8.staticflickr.com/7237/7160109697_fdb3a01c97_z.jpg
148620,000000148620.jpg,http://images.cocodataset.org/val2017/000000148620.jpg,500,375,5,http://farm1.staticflickr.com/17/21390853_f77d98a68b_z.jpg
148719,000000148719.jpg,http://images.cocodataset.org/val2017/000000148719.jpg,640,480,4,http://farm5.staticflickr.com/4138/4781344883_9b115de575_z.jpg
149375,000000149375.jpg,http://images.cocodataset.org/val2017/000000149375.jpg,640,485,3,http://farm9.staticflickr.com/8241/8533592659_4952202aac_z.jpg
149770,000000149770.jpg,http://images.cocodataset.org/val2017/000000149770.jpg,200,145,3,http://farm5.staticflickr.com/4130/4960521880_4b25c4d14a_z.jpg
151000,000000151000.jpg,http://images.cocodataset.org/val2017/000000151000.jpg,640,426,2,http://farm3.staticflickr.com/2476/3545740797_7fcddd8929_z.jpg
151480,000000151480.jpg,http://images.cocodataset.org/val2017/000000151480.jpg,640,480,4,http://farm7.staticflickr.com/6061/6054578485_f6d7810ee6_z.jpg
151938,000000151938.jpg,http://images.cocodataset.org/val2017/000000151938.jpg,470,640,1,http://farm8.staticflickr.com/7151/6779868923_cd82eb9d59_z.jpg
152214,000000152214.jpg,http://images.cocodataset.org/val2017/000000152214.jpg,480,640,1,http://farm5.staticflickr.com/4058/4496211155_71fd9307d9_z.jpg
152465,000000152465.jpg,http://images.cocodataset.org/val2017/000000152465.jpg,640,516,5,http://farm8.staticflickr.com/7302/8985286701_c0a5fa6bd6_z.jpg
153011,000000153011.jpg,http://images.cocodataset.org/val2017/000000153011.jpg,640,480,1,http://farm8.staticflickr.com/7256/7132663181_1f1c9c9288_z.jpg
153299,000000153299.jpg,http://images.cocodataset.org/val2017/000000153299.jpg,461,500,1,http://farm1.staticflickr.com/88/233835328_6c4490cf34_z.jpg
153343,000000153343.jpg,http://images.cocodataset.org/val2017/000000153343.jpg,640,480,1,http://farm4.staticflickr.com/3357/3518624364_53ca46fd91_z.jpg
153568,000000153568.jpg,http://images.cocodataset.org/val2017/000000153568.jpg,500,400,1,http://farm2.staticflickr.com/1363/1294349474_ff5cd66d3e_z.jpg
154425,000000154425.jpg,http://images.cocodataset.org/val2017/000000154425.jpg,640,425,3,http://farm3.staticflickr.com/2551/3902227705_96949f8b75_z.jpg
157138,000000157138.jpg,http://images.cocodataset.org/val2017/000000157138.jpg,500,353,2,http://farm5.staticflickr.com/4072/4327008190_e3157517ce_z.jpg
158227,000000158227.jpg,http://images.cocodataset.org/val2017/000000158227.jpg,500,357,1,http://farm1.staticflickr.com/210/495201463_3d6b548c08_z.jpg
159282,000000159282.jpg,http://images.cocodataset.org/val2017/000000159282.jpg,640,426,1,http://farm1.staticflickr.com/31/54650037_91bb3f57cd_z.jpg
159977,000000159977.jpg,http://images.cocodataset.org/val2017/000000159977.jpg,640,424,5,http://farm6.staticflickr.com/5333/8872308635_2189ecfdbf_z.jpg
160772,000000160772.jpg,http://images.cocodataset.org/val2017/000000160772.jpg,640,512,3,http://farm2.staticflickr.com/1079/1297213021_b2d796815c_z.jpg
164885,000000164885.jpg,http://images.cocodataset.org/val2017/000000164885.jpg,640,427,1,http://farm9.staticflickr.com/8470/8375152754_5d52841f37_z.jpg
166259,000000166259.jpg,http://images.cocodataset.org/val2017/000000166259.jpg,640,427,2,http://farm4.staticflickr.com/3795/9520522544_11c058a88b_z.jpg
168337,000000168337.jpg,http://images.cocodataset.org/val2017/000000168337.jpg,640,480,1,http://farm7.staticflickr.com/6011/5975270291_33aa23e4b4_z.jpg
170955,000000170955.jpg,http://images.cocodataset.org/val2017/000000170955.jpg,640,427,4,http://farm3.staticflickr.com/2432/3607873670_1d3e8db7bd_z.jpg
171611,000000171611.jpg,http://images.cocodataset.org/val2017/000000171611.jpg,640,443,1,http://farm8.staticflickr.com/7115/7137560221_c137619e9a_z.jpg
172571,000000172571.jpg,http://images.cocodataset.org/val2017/000000172571.jpg,640,361,1,http://farm6.staticflickr.com/5101/5593927388_ef06e5c821_z.jpg
173008,000000173008.jpg,http://images.cocodataset.org/val2017/000000173008.jpg,640,480,5,http://farm2.staticflickr.com/1162/1157171906_e210cf9a4e_z.jpg
173799,000000173799.jpg,http://images.cocodataset.org/val2017/000000173799.jpg,640,524,2,http://farm8.staticflickr.com/7236/7165187259_41540a2d3a_z.jpg
176847,000000176847.jpg,http://images.cocodataset.org/val2017/000000176847.jpg,640,480,4,http://farm4.staticflickr.com/3675/9757323794_cbee08037a_z.jpg
177934,000000177934.jpg,http://images.cocodataset.org/val2017/000000177934.jpg,640,480,1,http://farm7.staticflickr.com/6021/5994119446_b5ec8e1e76_z.jpg
180135,000000180135.jpg,http://images.cocodataset.org/val2017/000000180135.jpg,333,500,1,http://farm3.staticflickr.com/2046/3527197619_4920e79db6_z.jpg
181421,000000181421.jpg,http://images.cocodataset.org/val2017/000000181421.jpg,640,446,1,http://farm1.staticflickr.com/103/309560950_7cdd0ef8e9_z.jpg
182162,000000182162.jpg,http://images.cocodataset.org/val2017/000000182162.jpg,640,425,3,http://farm6.staticflickr.com/5077/5875052890_c8ecd3f044_z.jpg
182805,000000182805.jpg,http://images.cocodataset.org/val2017/000000182805.jpg,640,360,5,http://farm7.staticflickr.com/6218/6309322560_cf4708d8dc_z.jpg
183437,000000183437.jpg,http://images.cocodataset.org/val2017/000000183437.jpg,427,640,3,http://farm6.staticflickr.com/5128/5211000498_3fbea7da3c_z.jpg
183965,000000183965.jpg,http://images.cocodataset.org/val2017/000000183965.jpg,640,480,2,http://farm6.staticflickr.com/5449/8929618982_543407d7b3_z.jpg
184324,000000184324.jpg,http://images.cocodataset.org/val2017/000000184324.jpg,640,425,4,http://farm4.staticflickr.com/3568/3364389746_361655c747_z.jpg
185950,000000185950.jpg,http://images.cocodataset.org/val2017/000000185950.jpg,337,500,4,http://farm4.staticflickr.com/3121/2890964329_8825960fcb_z.jpg
188689,000000188689.jpg,http://images.cocodataset.org/val2017/000000188689.jpg,333,500,3,http://farm2.staticflickr.com/1041/528579057_317f08abc2_z.jpg
189213,000000189213.jpg,http://images.cocodataset.org/val2017/000000189213.jpg,500,375,1,http://farm1.staticflickr.com/20/73123384_0b585268a5_z.jpg
190307,000000190307.jpg,http://images.cocodataset.org/val2017/000000190307.jpg,540,640,1,http://farm6.staticflickr.com/5265/5638620761_1f4523914c_z.jpg
190676,000000190676.jpg,http://images.cocodataset.org/val2017/000000190676.jpg,640,264,5,http://farm6.staticflickr.com/5188/5778265193_3f936771b4_z.jpg
190853,000000190853.jpg,http://images.cocodataset.org/val2017/000000190853.jpg,383,640,1,http://farm9.staticflickr.com/8089/8455217783_c38833eb63_z.jpg
192904,000000192904.jpg,http://images.cocodataset.org/val2017/000000192904.jpg,640,436,2,http://farm8.staticflickr.com/7220/7406078162_7f14d50d38_z.jpg
193162,000000193162.jpg,http://images.cocodataset.org/val2017/000000193162.jpg,640,428,3,http://farm3.staticflickr.com/2236/3539928842_1587639bed_z.jpg
193743,000000193743.jpg,http://images.cocodataset.org/val2017/000000193743.jpg,427,640,3,http://farm4.staticflickr.com/3269/2977580128_3a80e1d8fc_z.jpg
194216,000000194216.jpg,http://images.cocodataset.org/val2017/000000194216.jpg,640,294,2,http://farm2.staticflickr.com/1257/4726818274_833624f556_z.jpg
194506,000000194506.jpg,http://images.cocodataset.org/val2017/000000194506.jpg,640,498,3,http://farm9.staticflickr.com/8005/7334248512_9c3514ac26_z.jpg
195842,000000195842.jpg,http://images.cocodataset.org/val2017/000000195842.jpg,640,480,1,http://farm4.staticflickr.com/3601/3632189307_4ae56e1386_z.jpg
196141,000000196141.jpg,http://images.cocodataset.org/val2017/000000196141.jpg,640,429,1,http://farm4.staticflickr.com/3310/3611902235_57d4ae496d_z.jpg
198928,000000198928.jpg,http://images.cocodataset.org/val2017/000000198928.jpg,480,640,3,http://farm1.staticflickr.com/32/54045492_15d5421284_z.jpg
202001,000000202001.jpg,http://images.cocodataset.org/val2017/000000202001.jpg,500,461,1,http://farm3.staticflickr.com/2582/4069592097_108bc6f67c_z.jpg
202228,000000202228.jpg,http://images.cocodataset.org/val2017/000000202228.jpg,480,640,3,http://farm4.staticflickr.com/3537/3412698746_62fbea853f_z.jpg
203095,000000203095.jpg,http://images.cocodataset.org/val2017/000000203095.jpg,640,480,3,http://farm1.staticflickr.com/191/478558839_414154f423_z.jpg
203389,000000203389.jpg,http://images.cocodataset.org/val2017/000000203389.jpg,640,480,4,http://farm6.staticflickr.com/5257/5429775787_db93d0b30f_z.jpg
205324,000000205324.jpg,http://images.cocodataset.org/val2017/000000205324.jpg,640,425,3,http://farm4.staticflickr.com/3588/3395937601_0f802f6233_z.jpg
208901,000000208901.jpg,http://images.cocodataset.org/val2017/000000208901.jpg,640,427,4,http://farm6.staticflickr.com/5110/5773232566_96f66426cd_z.jpg
209747,000000209747.jpg,http://images.cocodataset.org/val2017/000000209747.jpg,500,350,3,http://farm1.staticflickr.com/90/248270582_f41115367b_z.jpg
210099,000000210099.jpg,http://images.cocodataset.org/val2017/000000210099.jpg,640,538,2,http://farm4.staticflickr.com/3601/3430897685_6833d5914c_z.jpg
212226,000000212226.jpg,http://images.cocodataset.org/val2017/000000212226.jpg,500,335,4,http://farm4.staticflickr.com/3633/3554392751_0a85ee44f8_z.jpg
212895,000000212895.jpg,http://images.cocodataset.org/val2017/000000212895.jpg,480,640,2,http://farm3.staticflickr.com/2738/4151923137_1923f5db09_z.jpg
214200,000000214200.jpg,http://images.cocodataset.org/val2017/000000214200.jpg,427,640,1,http://farm1.staticflickr.com/1/2326501_80288821c9_z.jpg
214703,000000214703.jpg,http://images.cocodataset.org/val2017/000000214703.jpg,427,640,1,http://farm8.staticflickr.com/7021/6676482589_9ff28546d3_z.jpg
214869,000000214869.jpg,http://images.cocodataset.org/val2017/000000214869.jpg,640,480,1,http://farm3.staticflickr.com/2243/1900976427_3bf763653a_z.jpg
216419,000000216419.jpg,http://images.cocodataset.org/val2017/000000216419.jpg,640,467,1,http://farm8.staticflickr.com/7241/7192816016_8bd15f9b87_z.jpg
217400,000000217400.jpg,http://images.cocodataset.org/val2017/000000217400.jpg,640,480,4,http://farm4.staticflickr.com/3701/9998539994_ed1c0167e4_z.jpg
217425,000000217425.jpg,http://images.cocodataset.org/val2017/000000217425.jpg,640,480,4,http://farm9.staticflickr.com/8534/8983888416_8e42406b95_z.jpg
220732,000000220732.jpg,http://images.cocodataset.org/val2017/000000220732.jpg,640,480,2,http://farm8.staticflickr.com/7278/8150890633_42a81c8e17_z.jpg
222458,000000222458.jpg,http://images.cocodataset.org/val2017/000000222458.jpg,640,424,3,http://farm9.staticflickr.com/8404/8619062492_1b277371ce_z.jpg
224119,000000224119.jpg,http://images.cocodataset.org/val2017/000000224119.jpg,640,425,3,http://farm6.staticflickr.com/5230/5616425500_ebc6f51f4c_z.jpg
224664,000000224664.jpg,http://images.cocodataset.org/val2017/000000224664.jpg,640,480,2,http://farm2.staticflickr.com/1126/1458756555_85c4728afc_z.jpg
224724,000000224724.jpg,http://images.cocodataset.org/val2017/000000224724.jpg,480,640,2,http://farm4.staticflickr.com/3543/3544616491_7cdec47006_z.jpg
225757,000000225757.jpg,http://images.cocodataset.org/val2017/000000225757.jpg,500,367,1,http://farm1.staticflickr.com/55/169097150_692db28c2d_z.jpg
229858,000000229858.jpg,http://images.cocodataset.org/val2017/000000229858.jpg,640,555,3,http://farm4.staticflickr.com/3787/9231019797_e1cbffc3b6_z.jpg
229948,000000229948.jpg,http://images.cocodataset.org/val2017/000000229948.jpg,640,428,2,http://farm8.staticflickr.com/7417/8921029351_8e5a047b31_z.jpg
230008,000000230008.jpg,http://images.cocodataset.org/val2017/000000230008.jpg,640,360,1,http://farm7.staticflickr.com/6040/6354716703_18487f986e_z.jpg
233139,000000233139.jpg,http://images.cocodataset.org/val2017/000000233139.jpg,640,427,4,http://farm8.staticflickr.com/7012/6449253229_94676a38e6_z.jpg
235784,000000235784.jpg,http://images.cocodataset.org/val2017/000000235784.jpg,640,459,1,http://farm5.staticflickr.com/4013/4225614467_5a192ea2a5_z.jpg
237984,000000237984.jpg,http://images.cocodataset.org/val2017/000000237984.jpg,640,427,1,http://farm9.staticflickr.com/8149/7548413500_b8588a27ed_z.jpg
238039,000000238039.jpg,http://images.cocodataset.org/val2017/000000238039.jpg,480,640,2,http://farm6.staticflickr.com/5327/9128626433_506e875423_z.jpg
239843,000000239843.jpg,http://images.cocodataset.org/val2017/000000239843.jpg,500,375,3,http://farm1.staticflickr.com/75/161456406_0d185b803f_z.jpg
244099,000000244099.jpg,http://images.cocodataset.org/val2017/000000244099.jpg,640,428,3,http://farm6.staticflickr.com/5345/9349041750_746e9abf1a_z.jpg
248631,000000248631.jpg,http://images.cocodataset.org/val2017/000000248631.jpg,640,480,4,http://farm8.staticflickr.com/7209/6856333555_8988fcece0_z.jpg
248980,000000248980.jpg,http://images.cocodataset.org/val2017/000000248980.jpg,500,375,1,http://farm3.staticflickr.com/2514/3710611307_ffaea80248_z.jpg
249219,000000249219.jpg,http://images.cocodataset.org/val2017/000000249219.jpg,640,479,2,http://farm9.staticflickr.com/8080/8349093393_7d27562e6e_z.jpg
252332,000000252332.jpg,http://images.cocodataset.org/val2017/000000252332.jpg,640,480,4,http://farm6.staticflickr.com/5261/5836914735_bef9249442_z.jpg
253433,000000253433.jpg,http://images.cocodataset.org/val2017/000000253433.jpg,640,480,3,http://farm1.staticflickr.com/162/361912851_59c9993d91_z.jpg
255912,000000255912.jpg,http://images.cocodataset.org/val2017/000000255912.jpg,640,359,1,http://farm6.staticflickr.com/5241/5376282874_223bf699c6_z.jpg
255965,000000255965.jpg,http://images.cocodataset.org/val2017/000000255965.jpg,640,427,4,http://farm7.staticflickr.com/6094/6277341642_28ebd749f2_z.jpg
256868,000000256868.jpg,http://images.cocodataset.org/val2017/000000256868.jpg,640,428,3,http://farm4.staticflickr.com/3303/3613623842_03b22fdb57_z.jpg
258883,000000258883.jpg,http://images.cocodataset.org/val2017/000000258883.jpg,426,640,1,http://farm5.staticflickr.com/4143/4880266221_e6820b17e2_z.jpg
259597,000000259597.jpg,http://images.cocodataset.org/val2017/000000259597.jpg,640,312,1,http://farm7.staticflickr.com/6113/6310588429_b05f6d670b_z.jpg
260261,000000260261.jpg,http://images.cocodataset.org/val2017/000000260261.jpg,426,640,3,http://farm8.staticflickr.com/7163/6565710667_eecd09013c_z.jpg
260470,000000260470.jpg,http://images.cocodataset.org/val2017/000000260470.jpg,640,427,3,http://farm8.staticflickr.com/7410/9741947345_655ab2a1ac_z.jpg
261888,000000261888.jpg,http://images.cocodataset.org/val2017/000000261888.jpg,640,426,4,http://farm5.staticflickr.com/4079/4918743472_0b684750c4_z.jpg
262227,000000262227.jpg,http://images.cocodataset.org/val2017/000000262227.jpg,474,640,3,http://farm3.staticflickr.com/2381/1491594254_a8f0259fbf_z.jpg
263463,000000263463.jpg,http://images.cocodataset.org/val2017/000000263463.jpg,640,427,3,http://farm7.staticflickr.com/6197/6033333142_1a6f38cbdc_z.jpg
263644,000000263644.jpg,http://images.cocodataset.org/val2017/000000263644.jpg,473,640,4,http://farm8.staticflickr.com/7276/7857205982_aecc8b8a38_z.jpg
263969,000000263969.jpg,http://images.cocodataset.org/val2017/000000263969.jpg,640,610,4,http://farm8.staticflickr.com/7307/8735597371_053c077264_z.jpg
264335,000000264335.jpg,http://images.cocodataset.org/val2017/000000264335.jpg,480,640,3,http://farm8.staticflickr.com/7187/6900057580_81dcd13c69_z.jpg
267191,000000267191.jpg,http://images.cocodataset.org/val2017/000000267191.jpg,640,480,1,http://farm2.staticflickr.com/1259/5147292542_cf7b954fa8_z.jpg
267537,000000267537.jpg,http://images.cocodataset.org/val2017/000000267537.jpg,640,470,2,http://farm9.staticflickr.com/8030/8036943601_dd1392caf2_z.jpg
267946,000000267946.jpg,http://images.cocodataset.org/val2017/000000267946.jpg,500,332,3,http://farm4.staticflickr.com/3286/2871610071_81f0f3607d_z.jpg
270705,000000270705.jpg,http://images.cocodataset.org/val2017/000000270705.jpg,475,640,4,http://farm7.staticflickr.com/6024/6009338149_c4084ec013_z.jpg
271116,000000271116.jpg,http://images.cocodataset.org/val2017/000000271116.jpg,640,424,1,http://farm9.staticflickr.com/8073/8362677146_f6b59daa54_z.jpg
272212,000000272212.jpg,http://images.cocodataset.org/val2017/000000272212.jpg,640,480,1,http://farm5.staticflickr.com/4033/4506424820_38ff8179c9_z.jpg
273760,000000273760.jpg,http://images.cocodataset.org/val2017/000000273760.jpg,467,640,5,http://farm6.staticflickr.com/5156/5872238085_6ef7145483_z.jpg
274708,000000274708.jpg,http://images.cocodataset.org/val2017/000000274708.jpg,612,612,5,http://farm7.staticflickr.com/6039/5899874218_128cd80da6_z.jpg
275198,000000275198.jpg,http://images.cocodataset.org/val2017/000000275198.jpg,640,480,4,http://farm8.staticflickr.com/7262/7488569650_9e0faaf072_z.jpg
276285,000000276285.jpg,http://images.cocodataset.org/val2017/000000276285.jpg,427,640,3,http://farm6.staticflickr.com/5146/5680829389_dbd87c203e_z.jpg
278006,000000278006.jpg,http://images.cocodataset.org/val2017/000000278006.jpg,640,427,3,http://farm4.staticflickr.com/3069/2996937832_708a6d39d5_z.jpg
278848,000000278848.jpg,http://images.cocodataset.org/val2017/000000278848.jpg,480,640,1,http://farm5.staticflickr.com/4130/5202284149_e1b057697c_z.jpg
279774,000000279774.jpg,http://images.cocodataset.org/val2017/000000279774.jpg,415,500,3,http://farm3.staticflickr.com/2166/2511667624_6415ef0ca4_z.jpg
281032,000000281032.jpg,http://images.cocodataset.org/val2017/000000281032.jpg,640,427,4,http://farm9.staticflickr.com/8239/8660821941_f1e58c220c_z.jpg
283113,000000283113.jpg,http://images.cocodataset.org/val2017/000000283113.jpg,480,640,1,http://farm5.staticflickr.com/4115/4769619430_60e7553fe1_z.jpg
284623,000000284623.jpg,http://images.cocodataset.org/val2017/000000284623.jpg,640,480,4,http://farm3.staticflickr.com/2585/3697788816_f6b63cbb16_z.jpg
286849,000000286849.jpg,http://images.cocodataset.org/val2017/000000286849.jpg,333,500,1,http://farm5.staticflickr.com/4060/4317838231_3969b83a79_z.jpg
288062,000000288062.jpg,http://images.cocodataset.org/val2017/000000288062.jpg,519,640,3,http://farm1.staticflickr.com/94/271414658_7f851f9355_z.jpg
288430,000000288430.jpg,http://images.cocodataset.org/val2017/000000288430.jpg,500,375,1,http://farm1.staticflickr.com/56/126789584_4e22780fd2_z.jpg
288584,000000288584.jpg,http://images.cocodataset.org/val2017/000000288584.jpg,640,427,1,http://farm1.staticflickr.com/151/362223710_1e7722b711_z.jpg
289417,000000289417.jpg,http://images.cocodataset.org/val2017/000000289417.jpg,500,375,4,http://farm5.staticflickr.com/4057/4431669174_e67a2421a5_z.jpg
289659,000000289659.jpg,http://images.cocodataset.org/val2017/000000289659.jpg,640,426,3,http://farm8.staticflickr.com/7031/6786602747_b7b811b0d5_z.jpg
290592,000000290592.jpg,http://images.cocodataset.org/val2017/000000290592.jpg,640,426,1,http://farm8.staticflickr.com/7245/7027103163_ac1b3446f5_z.jpg
291490,000000291490.jpg,http://images.cocodataset.org/val2017/000000291490.jpg,640,393,1,http://farm8.staticflickr.com/7435/9089928284_9d723bfaca_z.jpg
296284,000000296284.jpg,http://images.cocodataset.org/val2017/000000296284.jpg,270,360,3,http://farm1.staticflickr.com/26/274560308_19b4fbbdb5_z.jpg
297595,000000297595.jpg,http://images.cocodataset.org/val2017/000000297595.jpg,640,427,2,http://farm8.staticflickr.com/7003/6547901351_a9a65b4464_z.jpg
297681,000000297681.jpg,http://images.cocodataset.org/val2017/000000297681.jpg,640,433,1,http://farm5.staticflickr.com/4079/4881539780_02c394dd34_z.jpg
298251,000000298251.jpg,http://images.cocodataset.org/val2017/000000298251.jpg,640,159,1,http://farm4.staticflickr.com/3229/2700314643_9e5d8f49a4_z.jpg
299609,000000299609.jpg,http://images.cocodataset.org/val2017/000000299609.jpg,640,480,4,http://farm4.staticflickr.com/3171/2819451450_f636e1d78f_z.jpg
301981,000000301981.jpg,http://images.cocodataset.org/val2017/000000301981.jpg,640,480,3,http://farm2.staticflickr.com/1154/1302772619_2e4bb45077_z.jpg
304817,000000304817.jpg,http://images.cocodataset.org/val2017/000000304817.jpg,640,480,1,http://farm1.staticflickr.com/44/132285168_b23f4b5a82_z.jpg
305317,000000305317.jpg,http://images.cocodataset.org/val2017/000000305317.jpg,334,500,3,http://farm3.staticflickr.com/2360/1803759542_fae5c62ba6_z.jpg
305695,000000305695.jpg,http://images.cocodataset.org/val2017/000000305695.jpg,640,480,3,http://farm1.staticflickr.com/163/423734742_2bf1811aa8_z.jpg
306437,000000306437.jpg,http://images.cocodataset.org/val2017/000000306437.jpg,426,640,2,http://farm4.staticflickr.com/3743/9618740465_c951738fef_z.jpg
307172,000000307172.jpg,http://images.cocodataset.org/val2017/000000307172.jpg,640,425,3,http://farm5.staticflickr.com/4012/4588998879_c6c2f8f55a_z.jpg
308466,000000308466.jpg,http://images.cocodataset.org/val2017/000000308466.jpg,640,480,3,http://farm6.staticflickr.com/5020/5402807138_ce34a7095c_z.jpg
308793,000000308793.jpg,http://images.cocodataset.org/val2017/000000308793.jpg,640,480,1,http://farm3.staticflickr.com/2848/9217461021_50154b2bd6_z.jpg
310862,000000310862.jpg,http://images.cocodataset.org/val2017/000000310862.jpg,612,612,3,http://farm9.staticflickr.com/8075/8286602723_ae686aef37_z.jpg
311950,000000311950.jpg,http://images.cocodataset.org/val2017/000000311950.jpg,448,640,3,http://farm6.staticflickr.com/5321/9779077252_1feaccd1b0_z.jpg
312406,000000312406.jpg,http://images.cocodataset.org/val2017/000000312406.jpg,640,480,1,http://farm5.staticflickr.com/4062/4480444082_378e811458_z.jpg
313588,000000313588.jpg,http://images.cocodataset.org/val2017/000000313588.jpg,480,640,4,http://farm9.staticflickr.com/8209/8253725562_84e76ed5e9_z.jpg
314914,000000314914.jpg,http://images.cocodataset.org/val2017/000000314914.jpg,480,640,1,http://farm3.staticflickr.com/2564/3911471792_e19306ea36_z.jpg
316015,000000316015.jpg,http://images.cocodataset.org/val2017/000000316015.jpg,500,400,6,http://farm1.staticflickr.com/185/453382723_bc00284acf_z.jpg
317999,000000317999.jpg,http://images.cocodataset.org/val2017/000000317999.jpg,612,612,2,http://farm9.staticflickr.com/8014/7173995615_9c293a671c_z.jpg
319369,000000319369.jpg,http://images.cocodataset.org/val2017/000000319369.jpg,640,432,4,http://farm6.staticflickr.com/5193/5802453698_0cc91183ef_z.jpg
320490,000000320490.jpg,http://images.cocodataset.org/val2017/000000320490.jpg,640,426,1,http://farm5.staticflickr.com/4128/4980317431_0bbede97ac_z.jpg
322429,000000322429.jpg,http://images.cocodataset.org/val2017/000000322429.jpg,472,640,2,http://farm5.staticflickr.com/4125/4980957415_da7a803b2f_z.jpg
322968,000000322968.jpg,http://images.cocodataset.org/val2017/000000322968.jpg,480,640,5,http://farm7.staticflickr.com/6180/6158623949_6f42b52bc5_z.jpg
323496,000000323496.jpg,http://images.cocodataset.org/val2017/000000323496.jpg,500,398,2,http://farm1.staticflickr.com/75/187735209_4dbca19b39_z.jpg
325031,000000325031.jpg,http://images.cocodataset.org/val2017/000000325031.jpg,640,608,6,http://farm5.staticflickr.com/4044/4669803057_38a4f451a0_z.jpg
325991,000000325991.jpg,http://images.cocodataset.org/val2017/000000325991.jpg,500,334,5,http://farm4.staticflickr.com/3639/3419012138_cfdf55b431_z.jpg
327780,000000327780.jpg,http://images.cocodataset.org/val2017/000000327780.jpg,640,480,3,http://farm1.staticflickr.com/45/139214724_829470dcb4_z.jpg
329041,000000329041.jpg,http://images.cocodataset.org/val2017/000000329041.jpg,480,640,5,http://farm4.staticflickr.com/3169/2887451891_ec68bd2df3_z.jpg
329542,000000329542.jpg,http://images.cocodataset.org/val2017/000000329542.jpg,612,612,3,http://farm8.staticflickr.com/7220/7354262062_7f0197f24d_z.jpg
329614,000000329614.jpg,http://images.cocodataset.org/val2017/000000329614.jpg,500,208,1,http://farm3.staticflickr.com/2208/1566687722_76f544ba91_z.jpg
330369,000000330369.jpg,http://images.cocodataset.org/val2017/000000330369.jpg,500,335,2,http://farm4.staticflickr.com/3416/3486587156_7c835722b4_z.jpg
330818,000000330818.jpg,http://images.cocodataset.org/val2017/000000330818.jpg,426,640,1,http://farm5.staticflickr.com/4054/4625870673_1ab15d25c6_z.jpg
331280,000000331280.jpg,http://images.cocodataset.org/val2017/000000331280.jpg,500,366,3,http://farm3.staticflickr.com/2335/2441639118_e2e980b723_z.jpg
331604,000000331604.jpg,http://images.cocodataset.org/val2017/000000331604.jpg,640,427,3,http://farm6.staticflickr.com/5215/5539588405_4f94b3e215_z.jpg
332318,000000332318.jpg,http://images.cocodataset.org/val2017/000000332318.jpg,640,429,5,http://farm2.staticflickr.com/1169/541175475_cf575c83ba_z.jpg
333697,000000333697.jpg,http://images.cocodataset.org/val2017/000000333697.jpg,426,640,1,http://farm9.staticflickr.com/8004/7662396500_1405081e36_z.jpg
334006,000000334006.jpg,http://images.cocodataset.org/val2017/000000334006.jpg,640,426,1,http://farm9.staticflickr.com/8526/8684868712_3122ac37d6_z.jpg
334371,000000334371.jpg,http://images.cocodataset.org/val2017/000000334371.jpg,640,419,2,http://farm4.staticflickr.com/3111/2894440031_7dbf4edafa_z.jpg
335177,000000335177.jpg,http://images.cocodataset.org/val2017/000000335177.jpg,640,479,1,http://farm4.staticflickr.com/3444/3821042011_c741061caa_z.jpg
338986,000000338986.jpg,http://images.cocodataset.org/val2017/000000338986.jpg,403,640,4,http://farm8.staticflickr.com/7284/8715827786_9ffcac1fa5_z.jpg
340894,000000340894.jpg,http://images.cocodataset.org/val2017/000000340894.jpg,640,480,4,http://farm1.staticflickr.com/63/198876231_494acc23d1_z.jpg
341058,000000341058.jpg,http://images.cocodataset.org/val2017/000000341058.jpg,359,640,2,http://farm6.staticflickr.com/5133/5454481007_90b84cfcd8_z.jpg
341681,000000341681.jpg,http://images.cocodataset.org/val2017/000000341681.jpg,640,427,1,http://farm3.staticflickr.com/2502/4008660062_d14dd8237e_z.jpg
343934,000000343934.jpg,http://images.cocodataset.org/val2017/000000343934.jpg,640,480,4,http://farm6.staticflickr.com/5339/10051858643_11783d3e9f_z.jpg
344268,000000344268.jpg,http://images.cocodataset.org/val2017/000000344268.jpg,640,512,2,http://farm6.staticflickr.com/5289/5324533596_9952eb78c6_z.jpg
344888,000000344888.jpg,http://images.cocodataset.org/val2017/000000344888.jpg,640,416,2,http://farm8.staticflickr.com/7447/9602225228_ebd6fda5e5_z.jpg
345385,000000345385.jpg,http://images.cocodataset.org/val2017/000000345385.jpg,640,480,2,http://farm9.staticflickr.com/8213/8287102367_1641a40715_z.jpg
346707,000000346707.jpg,http://images.cocodataset.org/val2017/000000346707.jpg,333,500,4,http://farm2.staticflickr.com/1253/968473927_155f555988_z.jpg
347163,000000347163.jpg,http://images.cocodataset.org/val2017/000000347163.jpg,640,427,3,http://farm3.staticflickr.com/2409/2289443305_bfae1e9d01_z.jpg
347544,000000347544.jpg,http://images.cocodataset.org/val2017/000000347544.jpg,640,480,1,http://farm1.staticflickr.com/29/50050818_1d113a22bc_z.jpg
348488,000000348488.jpg,http://images.cocodataset.org/val2017/000000348488.jpg,640,480,5,http://farm9.staticflickr.com/8009/7642694662_166be80756_z.jpg
348708,000000348708.jpg,http://images.cocodataset.org/val2017/000000348708.jpg,383,640,4,http://farm5.staticflickr.com/4145/5435483128_849e37a0dd_z.jpg
349860,000000349860.jpg,http://images.cocodataset.org/val2017/000000349860.jpg,640,426,5,http://farm5.staticflickr.com/4025/4590246533_c351aefccd_z.jpg
350019,000000350019.jpg,http://images.cocodataset.org/val2017/000000350019.jpg,426,640,3,http://farm4.staticflickr.com/3024/2704440300_2a0fc536b1_z.jpg
351589,000000351589.jpg,http://images.cocodataset.org/val2017/000000351589.jpg,640,427,3,http://farm4.staticflickr.com/3672/9015695817_9de2e6659f_z.jpg
352618,000000352618.jpg,http://images.cocodataset.org/val2017/000000352618.jpg,640,426,4,http://farm1.staticflickr.com/183/416853313_572bdfffa2_z.jpg
353180,000000353180.jpg,http://images.cocodataset.org/val2017/000000353180.jpg,640,420,2,http://farm8.staticflickr.com/7447/10023651645_1c49d4563f_z.jpg
356169,000000356169.jpg,http://images.cocodataset.org/val2017/000000356169.jpg,640,480,5,http://farm8.staticflickr.com/7065/6784281076_91f1ea4996_z.jpg
356498,000000356498.jpg,http://images.cocodataset.org/val2017/000000356498.jpg,500,350,4,http://farm4.staticflickr.com/3158/3390188250_1985da0517_z.jpg
356505,000000356505.jpg,http://images.cocodataset.org/val2017/000000356505.jpg,640,425,4,http://farm5.staticflickr.com/4079/4879236570_540fbb5b7a_z.jpg
357459,000000357459.jpg,http://images.cocodataset.org/val2017/000000357459.jpg,640,427,1,http://farm3.staticflickr.com/2287/1950330325_e61072aa97_z.jpg
357567,000000357567.jpg,http://images.cocodataset.org/val2017/000000357567.jpg,480,640,4,http://farm4.staticflickr.com/3387/3556433761_fa6daaec21_z.jpg
358427,000000358427.jpg,http://images.cocodataset.org/val2017/000000358427.jpg,640,427,3,http://farm4.staticflickr.com/3221/5822777555_256a558387_z.jpg
359937,000000359937.jpg,http://images.cocodataset.org/val2017/000000359937.jpg,640,480,3,http://farm9.staticflickr.com/8109/8460247827_c4afb7949d_z.jpg
360393,000000360393.jpg,http://images.cocodataset.org/val2017/000000360393.jpg,640,427,4,http://farm8.staticflickr.com/7153/6533098435_76b2fe85a0_z.jpg
360943,000000360943.jpg,http://images.cocodataset.org/val2017/000000360943.jpg,501,640,3,http://farm5.staticflickr.com/4047/4432037388_8214303759_z.jpg
361180,000000361180.jpg,http://images.cocodataset.org/val2017/000000361180.jpg,640,426,1,http://farm4.staticflickr.com/3832/8838056299_20d255351b_z.jpg
362520,000000362520.jpg,http://images.cocodataset.org/val2017/000000362520.jpg,424,640,6,http://farm7.staticflickr.com/6191/6067553297_c583693bcc_z.jpg
362716,000000362716.jpg,http://images.cocodataset.org/val2017/000000362716.jpg,640,427,3,http://farm9.staticflickr.com/8246/8622192346_977d5aa944_z.jpg
363188,000000363188.jpg,http://images.cocodataset.org/val2017/000000363188.jpg,640,425,1,http://farm7.staticflickr.com/6104/6273496716_e3e3412551_z.jpg
366225,000000366225.jpg,http://images.cocodataset.org/val2017/000000366225.jpg,541,640,3,http://farm4.staticflickr.com/3247/2958848282_7654a38840_z.jpg
368335,000000368335.jpg,http://images.cocodataset.org/val2017/000000368335.jpg,411,640,3,http://farm5.staticflickr.com/4017/4700782863_28d7cdb1f7_z.jpg
369037,000000369037.jpg,http://images.cocodataset.org/val2017/000000369037.jpg,425,640,1,http://farm6.staticflickr.com/5164/5332388997_21be689fa9_z.jpg
370042,000000370042.jpg,http://images.cocodataset.org/val2017/000000370042.jpg,640,356,3,http://farm3.staticflickr.com/2316/2133976733_7202100481_z.jpg
371677,000000371677.jpg,http://images.cocodataset.org/val2017/000000371677.jpg,640,480,5,http://farm4.staticflickr.com/3596/3462811561_4af8a2ecff_z.jpg
376206,000000376206.jpg,http://images.cocodataset.org/val2017/000000376206.jpg,640,427,3,http://farm6.staticflickr.com/5281/5356549016_258572ffb2_z.jpg
376322,000000376322.jpg,http://images.cocodataset.org/val2017/000000376322.jpg,478,640,1,http://farm4.staticflickr.com/3716/10061418735_5c6f42abc8_z.jpg
376900,000000376900.jpg,http://images.cocodataset.org/val2017/000000376900.jpg,480,640,3,http://farm7.staticflickr.com/6027/5880793986_5f1e1d0f39_z.jpg
377368,000000377368.jpg,http://images.cocodataset.org/val2017/000000377368.jpg,640,481,4,http://farm6.staticflickr.com/5293/5538913095_e3c5a908bc_z.jpg
377723,000000377723.jpg,http://images.cocodataset.org/val2017/000000377723.jpg,640,427,4,http://farm9.staticflickr.com/8354/8303563388_c0b3b1939a_z.jpg
378605,000000378605.jpg,http://images.cocodataset.org/val2017/000000378605.jpg,426,640,3,http://farm3.staticflickr.com/2695/4218308004_67137a2e53_z.jpg
379453,000000379453.jpg,http://images.cocodataset.org/val2017/000000379453.jpg,442,442,3,http://farm8.staticflickr.com/7337/9687518474_05fb72cbf2_z.jpg
381587,000000381587.jpg,http://images.cocodataset.org/val2017/000000381587.jpg,428,640,2,http://farm4.staticflickr.com/3754/9267426009_d3ed244453_z.jpg
382734,000000382734.jpg,http://images.cocodataset.org/val2017/000000382734.jpg,480,640,4,http://farm6.staticflickr.com/5053/5483980774_4814999023_z.jpg
383443,000000383443.jpg,http://images.cocodataset.org/val2017/000000383443.jpg,640,427,3,http://farm6.staticflickr.com/5218/5506865830_d27e14530a_z.jpg
384651,000000384651.jpg,http://images.cocodataset.org/val2017/000000384651.jpg,640,436,1,http://farm6.staticflickr.com/5087/5349737041_c978a9b777_z.jpg
389381,000000389381.jpg,http://images.cocodataset.org/val2017/000000389381.jpg,640,543,4,http://farm3.staticflickr.com/2544/4007091102_031486bd66_z.jpg
393056,000000393056.jpg,http://images.cocodataset.org/val2017/000000393056.jpg,640,480,1,http://farm5.staticflickr.com/4142/4911956825_ba6c778b83_z.jpg
393469,000000393469.jpg,http://images.cocodataset.org/val2017/000000393469.jpg,480,640,1,http://farm1.staticflickr.com/157/398973858_536bacdd06_z.jpg
394940,000000394940.jpg,http://images.cocodataset.org/val2017/000000394940.jpg,426,640,3,http://farm9.staticflickr.com/8227/8566023505_e9e9f997bc_z.jpg
395701,000000395701.jpg,http://images.cocodataset.org/val2017/000000395701.jpg,640,480,2,http://farm4.staticflickr.com/3048/4568393462_c1c18cc964_z.jpg
396729,000000396729.jpg,http://images.cocodataset.org/val2017/000000396729.jpg,640,425,1,http://farm4.staticflickr.com/3192/3284367150_f044bc4d5d_z.jpg
396863,000000396863.jpg,http://images.cocodataset.org/val2017/000000396863.jpg,640,426,6,http://farm7.staticflickr.com/6141/6017526843_2cbec9c29c_z.jpg
399296,000000399296.jpg,http://images.cocodataset.org/val2017/000000399296.jpg,640,480,5,http://farm1.staticflickr.com/121/300255030_3fc8102597_z.jpg
400082,000000400082.jpg,http://images.cocodataset.org/val2017/000000400082.jpg,500,283,3,http://farm1.staticflickr.com/168/466274861_a8cac33ae7_z.jpg
400794,000000400794.jpg,http://images.cocodataset.org/val2017/000000400794.jpg,426,640,1,http://farm4.staticflickr.com/3107/2378901872_aa463823e8_z.jpg
402774,000000402774.jpg,http://images.cocodataset.org/val2017/000000402774.jpg,425,640,5,http://farm9.staticflickr.com/8201/8158349940_3eb8a41660_z.jpg
404839,000000404839.jpg,http://images.cocodataset.org/val2017/000000404839.jpg,427,640,3,http://farm3.staticflickr.com/2075/2256090290_80b1219a1d_z.jpg
404923,000000404923.jpg,http://images.cocodataset.org/val2017/000000404923.jpg,640,480,1,http://farm5.staticflickr.com/4028/4678270050_f205da5e75_z.jpg
406611,000000406611.jpg,http://images.cocodataset.org/val2017/000000406611.jpg,640,480,3,http://farm4.staticflickr.com/3648/3305513686_25ab7a4c42_z.jpg
407650,000000407650.jpg,http://images.cocodataset.org/val2017/000000407650.jpg,640,428,1,http://farm4.staticflickr.com/3125/3220547410_99d42603c0_z.jpg
410456,000000410456.jpg,http://images.cocodataset.org/val2017/000000410456.jpg,640,480,4,http://farm9.staticflickr.com/8336/8438575589_a01a6990e2_z.jpg
410487,000000410487.jpg,http://images.cocodataset.org/val2017/000000410487.jpg,427,640,3,http://farm3.staticflickr.com/2180/2227215068_15821347b1_z.jpg
414261,000000414261.jpg,http://images.cocodataset.org/val2017/000000414261.jpg,640,427,1,http://farm4.staticflickr.com/3824/9099310623_e18bbd7a15_z.jpg
415194,000000415194.jpg,http://images.cocodataset.org/val2017/000000415194.jpg,640,480,4,http://farm5.staticflickr.com/4018/4280444310_075d3e636d_z.jpg
415748,000000415748.jpg,http://images.cocodataset.org/val2017/000000415748.jpg,426,640,5,http://farm7.staticflickr.com/6235/6337941606_9b06403fa6_z.jpg
415882,000000415882.jpg,http://images.cocodataset.org/val2017/000000415882.jpg,544,640,4,http://farm3.staticflickr.com/2863/9433121554_a89e42c996_z.jpg
416343,000000416343.jpg,http://images.cocodataset.org/val2017/000000416343.jpg,427,640,3,http://farm5.staticflickr.com/4144/4969771652_bbb35788b1_z.jpg
419098,000000419098.jpg,http://images.cocodataset.org/val2017/000000419098.jpg,640,554,3,http://farm5.staticflickr.com/4040/4646355793_0e228a7f94_z.jpg
419201,000000419201.jpg,http://images.cocodataset.org/val2017/000000419201.jpg,640,425,4,http://farm9.staticflickr.com/8183/8103122581_63fd883c9a_z.jpg
419601,000000419601.jpg,http://images.cocodataset.org/val2017/000000419601.jpg,500,329,3,http://farm4.staticflickr.com/3421/3732930545_e6ebbaeaf3_z.jpg
422706,000000422706.jpg,http://images.cocodataset.org/val2017/000000422706.jpg,640,427,4,http://farm5.staticflickr.com/4053/4612270698_66a0fc9286_z.jpg
422998,000000422998.jpg,http://images.cocodataset.org/val2017/000000422998.jpg,640,427,1,http://farm5.staticflickr.com/4017/4477787343_8ec191bb20_z.jpg
423617,000000423617.jpg,http://images.cocodataset.org/val2017/000000423617.jpg,640,480,4,http://farm9.staticflickr.com/8479/8195678412_8d8d906379_z.jpg
424349,000000424349.jpg,http://images.cocodataset.org/val2017/000000424349.jpg,640,426,4,http://farm4.staticflickr.com/3117/2785570918_d1b9b5a6f6_z.jpg
424776,000000424776.jpg,http://images.cocodataset.org/val2017/000000424776.jpg,640,426,1,http://farm9.staticflickr.com/8510/8551983235_09b40e3679_z.jpg
426253,000000426253.jpg,http://images.cocodataset.org/val2017/000000426253.jpg,640,427,5,http://farm5.staticflickr.com/4129/4980536343_8b4e5a45a2_z.jpg
426836,000000426836.jpg,http://images.cocodataset.org/val2017/000000426836.jpg,640,640,5,http://farm9.staticflickr.com/8034/7928260964_a7a5ea38c7_z.jpg
428867,000000428867.jpg,http://images.cocodataset.org/val2017/000000428867.jpg,500,333,1,http://farm1.staticflickr.com/138/327208768_24ddef1efd_z.jpg
429598,000000429598.jpg,http://images.cocodataset.org/val2017/000000429598.jpg,640,480,4,http://farm8.staticflickr.com/7162/6617685485_877d5cee57_z.jpg
433192,000000433192.jpg,http://images.cocodataset.org/val2017/000000433192.jpg,500,375,1,http://farm4.staticflickr.com/3611/3389204868_00ea42723a_z.jpg
433915,000000433915.jpg,http://images.cocodataset.org/val2017/000000433915.jpg,640,480,3,http://farm4.staticflickr.com/3519/3243850638_c7c6c7186f_z.jpg
437110,000000437110.jpg,http://images.cocodataset.org/val2017/000000437110.jpg,480,640,3,http://farm8.staticflickr.com/7240/7258858234_2d46eaac85_z.jpg
438774,000000438774.jpg,http://images.cocodataset.org/val2017/000000438774.jpg,640,425,1,http://farm9.staticflickr.com/8504/8309992877_42719867a0_z.jpg
439180,000000439180.jpg,http://images.cocodataset.org/val2017/000000439180.jpg,640,360,1,http://farm3.staticflickr.com/2831/9275116980_1d9b986e3b_z.jpg
439854,000000439854.jpg,http://images.cocodataset.org/val2017/000000439854.jpg,500,333,3,http://farm4.staticflickr.com/3014/3078274607_ff2beac811_z.jpg
440184,000000440184.jpg,http://images.cocodataset.org/val2017/000000440184.jpg,640,425,3,http://farm4.staticflickr.com/3148/2602812274_314d9e9dc5_z.jpg
441491,000000441491.jpg,http://images.cocodataset.org/val2017/000000441491.jpg,640,480,2,http://farm6.staticflickr.com/5175/5559005188_b1e31e3f9b_z.jpg
442323,000000442323.jpg,http://images.cocodataset.org/val2017/000000442323.jpg,640,480,3,http://farm4.staticflickr.com/3249/2848744285_b65d8df0c4_z.jpg
442993,000000442993.jpg,http://images.cocodataset.org/val2017/000000442993.jpg,427,640,1,http://farm8.staticflickr.com/7380/9737154728_f015d20c97_z.jpg
445248,000000445248.jpg,http://images.cocodataset.org/val2017/000000445248.jpg,640,427,5,http://farm9.staticflickr.com/8461/8070789912_67178c81a4_z.jpg
445722,000000445722.jpg,http://images.cocodataset.org/val2017/000000445722.jpg,318,500,6,http://farm1.staticflickr.com/63/158415552_46a16e78a1_z.jpg
445846,000000445846.jpg,http://images.cocodataset.org/val2017/000000445846.jpg,640,427,4,http://farm7.staticflickr.com/6238/6282443910_5477113bf6_z.jpg
447314,000000447314.jpg,http://images.cocodataset.org/val2017/000000447314.jpg,640,458,5,http://farm1.staticflickr.com/42/263967623_cc4ad0bbbb_z.jpg
449432,000000449432.jpg,http://images.cocodataset.org/val2017/000000449432.jpg,640,427,1,http://farm7.staticflickr.com/6004/5922831081_1fbca9ab03_z.jpg
450075,000000450075.jpg,http://images.cocodataset.org/val2017/000000450075.jpg,640,480,2,http://farm6.staticflickr.com/5258/5538138409_8475248146_z.jpg
450439,000000450439.jpg,http://images.cocodataset.org/val2017/000000450439.jpg,500,234,1,http://farm2.staticflickr.com/1306/1299619204_6c573ca782_z.jpg
451144,000000451144.jpg,http://images.cocodataset.org/val2017/000000451144.jpg,640,480,5,http://farm7.staticflickr.com/6001/5967535194_c90bfa09fe_z.jpg
451155,000000451155.jpg,http://images.cocodataset.org/val2017/000000451155.jpg,640,480,4,http://farm4.staticflickr.com/3661/3484414533_7f9827c52e_z.jpg
453001,000000453001.jpg,http://images.cocodataset.org/val2017/000000453001.jpg,640,480,1,http://farm3.staticflickr.com/2049/2036297110_8e15a84fa5_z.jpg
455157,000000455157.jpg,http://images.cocodataset.org/val2017/000000455157.jpg,640,640,3,http://farm8.staticflickr.com/7313/9465645634_24c03ca1dc_z.jpg
455716,000000455716.jpg,http://images.cocodataset.org/val2017/000000455716.jpg,640,433,6,http://farm7.staticflickr.com/6227/7025427793_57e60b6ddc_z.jpg
455872,000000455872.jpg,http://images.cocodataset.org/val2017/000000455872.jpg,500,375,3,http://farm3.staticflickr.com/2550/3958300291_ca0a1c3bc1_z.jpg
455937,000000455937.jpg,http://images.cocodataset.org/val2017/000000455937.jpg,640,480,1,http://farm6.staticflickr.com/5024/5642140110_5beb8ef4b4_z.jpg
456394,000000456394.jpg,http://images.cocodataset.org/val2017/000000456394.jpg,220,176,2,http://farm7.staticflickr.com/6103/6247905267_fbb88b7fed_z.jpg
456662,000000456662.jpg,http://images.cocodataset.org/val2017/000000456662.jpg,612,612,1,http://farm9.staticflickr.com/8306/7964283154_ba690b26f2_z.jpg
456865,000000456865.jpg,http://images.cocodataset.org/val2017/000000456865.jpg,640,427,6,http://farm8.staticflickr.com/7031/6491062339_10d642456e_z.jpg
460379,000000460379.jpg,http://images.cocodataset.org/val2017/000000460379.jpg,426,640,1,http://farm3.staticflickr.com/2669/4232863308_6d18367613_z.jpg
460683,000000460683.jpg,http://images.cocodataset.org/val2017/000000460683.jpg,478,640,3,http://farm7.staticflickr.com/6183/6083219339_ac07a74af7_z.jpg
462629,000000462629.jpg,http://images.cocodataset.org/val2017/000000462629.jpg,640,426,2,http://farm3.staticflickr.com/2025/2492052980_3670e0f17a_z.jpg
463527,000000463527.jpg,http://images.cocodataset.org/val2017/000000463527.jpg,640,480,3,http://farm3.staticflickr.com/2547/4100676417_25799a0a4e_z.jpg
463618,000000463618.jpg,http://images.cocodataset.org/val2017/000000463618.jpg,640,451,5,http://farm4.staticflickr.com/3759/9333776974_cac84c92d8_z.jpg
463842,000000463842.jpg,http://images.cocodataset.org/val2017/000000463842.jpg,640,480,1,http://farm4.staticflickr.com/3067/2680475783_db70bb9eb4_z.jpg
464089,000000464089.jpg,http://images.cocodataset.org/val2017/000000464089.jpg,640,480,2,http://farm6.staticflickr.com/5230/5601328261_e641f89373_z.jpg
464144,000000464144.jpg,http://images.cocodataset.org/val2017/000000464144.jpg,426,640,1,http://farm5.staticflickr.com/4027/4345480774_2c1d8836f6_z.jpg
464358,000000464358.jpg,http://images.cocodataset.org/val2017/000000464358.jpg,640,427,4,http://farm1.staticflickr.com/224/474446555_8c2af75370_z.jpg
464689,000000464689.jpg,http://images.cocodataset.org/val2017/000000464689.jpg,586,640,3,http://farm8.staticflickr.com/7198/6847220238_6997d3db37_z.jpg
464824,000000464824.jpg,http://images.cocodataset.org/val2017/000000464824.jpg,480,640,1,http://farm3.staticflickr.com/2886/9474428857_7f6880c660_z.jpg
465585,000000465585.jpg,http://images.cocodataset.org/val2017/000000465585.jpg,427,640,3,http://farm4.staticflickr.com/3118/3151671158_34b27e5510_z.jpg
465836,000000465836.jpg,http://images.cocodataset.org/val2017/000000465836.jpg,500,375,3,http://farm5.staticflickr.com/4025/4398110149_57036d934d_z.jpg
466156,000000466156.jpg,http://images.cocodataset.org/val2017/000000466156.jpg,500,375,1,http://farm4.staticflickr.com/3477/3177868532_908224bc68_z.jpg
466567,000000466567.jpg,http://images.cocodataset.org/val2017/000000466567.jpg,480,640,6,http://farm1.staticflickr.com/36/84179910_2231cc586c_z.jpg
470952,000000470952.jpg,http://images.cocodataset.org/val2017/000000470952.jpg,428,640,1,http://farm6.staticflickr.com/5096/5526342951_46a116df9c_z.jpg
471023,000000471023.jpg,http://images.cocodataset.org/val2017/000000471023.jpg,640,426,6,http://farm9.staticflickr.com/8154/7465550928_44b5484174_z.jpg
471893,000000471893.jpg,http://images.cocodataset.org/val2017/000000471893.jpg,640,442,1,http://farm1.staticflickr.com/166/392305997_3337ec360a_z.jpg
472030,000000472030.jpg,http://images.cocodataset.org/val2017/000000472030.jpg,640,480,3,http://farm4.staticflickr.com/3340/3570719653_be3552d961_z.jpg
473015,000000473015.jpg,http://images.cocodataset.org/val2017/000000473015.jpg,640,427,6,http://farm3.staticflickr.com/2887/10005081875_bbd3e4a751_z.jpg
473219,000000473219.jpg,http://images.cocodataset.org/val2017/000000473219.jpg,640,428,2,http://farm5.staticflickr.com/4137/4815326977_9cbdca76bd_z.jpg
475191,000000475191.jpg,http://images.cocodataset.org/val2017/000000475191.jpg,640,480,3,http://farm5.staticflickr.com/4108/4958529852_3425860fb0_z.jpg
475223,000000475223.jpg,http://images.cocodataset.org/val2017/000000475223.jpg,640,438,3,http://farm4.staticflickr.com/3797/9506103461_60550f5b1d_z.jpg
475484,000000475484.jpg,http://images.cocodataset.org/val2017/000000475484.jpg,426,640,2,http://farm8.staticflickr.com/7178/6922230747_2f4dc0572f_z.jpg
478136,000000478136.jpg,http://images.cocodataset.org/val2017/000000478136.jpg,533,640,3,http://farm3.staticflickr.com/2568/3847471121_0d8973a35a_z.jpg
479155,000000479155.jpg,http://images.cocodataset.org/val2017/000000479155.jpg,500,332,2,http://farm3.staticflickr.com/2098/2516183910_baea291327_z.jpg
480944,000000480944.jpg,http://images.cocodataset.org/val2017/000000480944.jpg,480,640,1,http://farm8.staticflickr.com/7062/6774987268_25b081373c_z.jpg
481386,000000481386.jpg,http://images.cocodataset.org/val2017/000000481386.jpg,427,640,4,http://farm6.staticflickr.com/5328/8789640387_14e10562cb_z.jpg
481390,000000481390.jpg,http://images.cocodataset.org/val2017/000000481390.jpg,640,480,1,http://farm7.staticflickr.com/6177/6193180401_ba0c9ff2ae_z.jpg
481480,000000481480.jpg,http://images.cocodataset.org/val2017/000000481480.jpg,640,444,3,http://farm9.staticflickr.com/8088/8586897621_f85f1381f0_z.jpg
481573,000000481573.jpg,http://images.cocodataset.org/val2017/000000481573.jpg,640,639,6,http://farm4.staticflickr.com/3586/3462542233_f8c340ec52_z.jpg
482275,000000482275.jpg,http://images.cocodataset.org/val2017/000000482275.jpg,640,480,1,http://farm9.staticflickr.com/8035/8025419960_b469e95438_z.jpg
482585,000000482585.jpg,http://images.cocodataset.org/val2017/000000482585.jpg,640,480,3,http://farm9.staticflickr.com/8054/8440034787_4fe219b9db_z.jpg
483531,000000483531.jpg,http://images.cocodataset.org/val2017/000000483531.jpg,640,480,2,http://farm8.staticflickr.com/7146/6802773591_18a10b1268_z.jpg
483667,000000483667.jpg,http://images.cocodataset.org/val2017/000000483667.jpg,426,640,4,http://farm2.staticflickr.com/1034/819096807_cd0a499d5d_z.jpg
484893,000000484893.jpg,http://images.cocodataset.org/val2017/000000484893.jpg,640,428,1,http://farm6.staticflickr.com/5168/5310458020_d5c48f3f5f_z.jpg
485237,000000485237.jpg,http://images.cocodataset.org/val2017/000000485237.jpg,640,174,4,http://farm9.staticflickr.com/8522/8549279374_e5e3cc799d_z.jpg
485802,000000485802.jpg,http://images.cocodataset.org/val2017/000000485802.jpg,426,640,1,http://farm7.staticflickr.com/6191/6051424755_56fac6da2b_z.jpg
486573,000000486573.jpg,http://images.cocodataset.org/val2017/000000486573.jpg,480,640,1,http://farm1.staticflickr.com/52/136381492_74210f9d90_z.jpg
488664,000000488664.jpg,http://images.cocodataset.org/val2017/000000488664.jpg,629,489,3,http://farm9.staticflickr.com/8528/8637880275_064fc71ea1_z.jpg
490413,000000490413.jpg,http://images.cocodataset.org/val2017/000000490413.jpg,640,238,4,http://farm9.staticflickr.com/8010/7228076248_0a54e97446_z.jpg
491216,000000491216.jpg,http://images.cocodataset.org/val2017/000000491216.jpg,480,640,1,http://farm4.staticflickr.com/3112/2334027060_9911c95416_z.jpg
491464,000000491464.jpg,http://images.cocodataset.org/val2017/000000491464.jpg,640,428,3,http://farm3.staticflickr.com/2855/9073216150_94b0537898_z.jpg
491497,000000491497.jpg,http://images.cocodataset.org/val2017/000000491497.jpg,375,500,3,http://farm3.staticflickr.com/2076/2227048481_0ed8653652_z.jpg
492362,000000492362.jpg,http://images.cocodataset.org/val2017/000000492362.jpg,427,640,5,http://farm8.staticflickr.com/7383/9825580104_5ffd1e274c_z.jpg
492992,000000492992.jpg,http://images.cocodataset.org/val2017/000000492992.jpg,427,640,1,http://farm6.staticflickr.com/5088/5238736491_4d4d5bc00e_z.jpg
493772,000000493772.jpg,http://images.cocodataset.org/val2017/000000493772.jpg,640,640,3,http://farm9.staticflickr.com/8380/8464933036_3902853b7e_z.jpg
494427,000000494427.jpg,http://images.cocodataset.org/val2017/000000494427.jpg,480,640,2,http://farm4.staticflickr.com/3613/3743850787_80d30fd5df_z.jpg
496571,000000496571.jpg,http://images.cocodataset.org/val2017/000000496571.jpg,427,640,1,http://farm9.staticflickr.com/8244/8596658728_e7a850fc9a_z.jpg
500049,000000500049.jpg,http://images.cocodataset.org/val2017/000000500049.jpg,640,426,1,http://farm6.staticflickr.com/5452/10186615656_704065da75_z.jpg
500565,000000500565.jpg,http://images.cocodataset.org/val2017/000000500565.jpg,640,466,3,http://farm3.staticflickr.com/2604/4225275628_731384f31b_z.jpg
502732,000000502732.jpg,http://images.cocodataset.org/val2017/000000502732.jpg,480,640,3,http://farm3.staticflickr.com/2655/4123686976_97e295dce3_z.jpg
502910,000000502910.jpg,http://images.cocodataset.org/val2017/000000502910.jpg,426,640,3,http://farm6.staticflickr.com/5067/5897070201_bd2771dda6_z.jpg
504415,000000504415.jpg,http://images.cocodataset.org/val2017/000000504415.jpg,640,427,2,http://farm1.staticflickr.com/121/295385315_5a7b7c54d7_z.jpg
504711,000000504711.jpg,http://images.cocodataset.org/val2017/000000504711.jpg,640,483,2,http://farm1.staticflickr.com/234/520078046_37e5bb8d95_z.jpg
505638,000000505638.jpg,http://images.cocodataset.org/val2017/000000505638.jpg,640,483,3,http://farm4.staticflickr.com/3144/2926876740_a9e3350316_z.jpg
506656,000000506656.jpg,http://images.cocodataset.org/val2017/000000506656.jpg,640,480,3,http://farm9.staticflickr.com/8374/8522696682_a3601fe699_z.jpg
507223,000000507223.jpg,http://images.cocodataset.org/val2017/000000507223.jpg,480,640,4,http://farm2.staticflickr.com/1404/1307049889_f157382a16_z.jpg
507473,000000507473.jpg,http://images.cocodataset.org/val2017/000000507473.jpg,640,480,3,http://farm4.staticflickr.com/3117/2764199263_08af9e70bc_z.jpg
508917,000000508917.jpg,http://images.cocodataset.org/val2017/000000508917.jpg,640,370,3,http://farm6.staticflickr.com/5349/9288654526_33344f470e_z.jpg
509258,000000509258.jpg,http://images.cocodataset.org/val2017/000000509258.jpg,640,428,1,http://farm3.staticflickr.com/2442/3890965295_113e7d94e4_z.jpg
509260,000000509260.jpg,http://images.cocodataset.org/val2017/000000509260.jpg,500,375,1,http://farm1.staticflickr.com/4/4491643_caf29e6ff2_z.jpg
511321,000000511321.jpg,http://images.cocodataset.org/val2017/000000511321.jpg,427,640,5,http://farm4.staticflickr.com/3668/9987909545_5c30c1ce40_z.jpg
512194,000000512194.jpg,http://images.cocodataset.org/val2017/000000512194.jpg,640,476,2,http://farm4.staticflickr.com/3010/3000683334_abdf5ae0a1_z.jpg
513580,000000513580.jpg,http://images.cocodataset.org/val2017/000000513580.jpg,640,484,3,http://farm8.staticflickr.com/7251/7521052002_e78af4be55_z.jpg
516677,000000516677.jpg,http://images.cocodataset.org/val2017/000000516677.jpg,640,480,4,http://farm6.staticflickr.com/5186/5789961160_d750638deb_z.jpg
519208,000000519208.jpg,http://images.cocodataset.org/val2017/000000519208.jpg,640,406,4,http://farm6.staticflickr.com/5443/9135914617_3b723dd387_z.jpg
521282,000000521282.jpg,http://images.cocodataset.org/val2017/000000521282.jpg,424,640,1,http://farm8.staticflickr.com/7184/6839778174_3a43e75b97_z.jpg
522638,000000522638.jpg,http://images.cocodataset.org/val2017/000000522638.jpg,640,428,1,http://farm4.staticflickr.com/3618/3398419472_635386f016_z.jpg
524742,000000524742.jpg,http://images.cocodataset.org/val2017/000000524742.jpg,640,480,3,http://farm8.staticflickr.com/7316/8853709723_1a817077b5_z.jpg
525286,000000525286.jpg,http://images.cocodataset.org/val2017/000000525286.jpg,640,640,5,http://farm7.staticflickr.com/6043/6283834311_9086e17c62_z.jpg
527029,000000527029.jpg,http://images.cocodataset.org/val2017/000000527029.jpg,640,640,1,http://farm5.staticflickr.com/4024/4267639339_907ed42b03_z.jpg
527750,000000527750.jpg,http://images.cocodataset.org/val2017/000000527750.jpg,427,640,3,http://farm7.staticflickr.com/6163/6181875560_84e138e955_z.jpg
528399,000000528399.jpg,http://images.cocodataset.org/val2017/000000528399.jpg,640,428,1,http://farm5.staticflickr.com/4029/4258573396_d22dc3cdec_z.jpg
529939,000000529939.jpg,http://images.cocodataset.org/val2017/000000529939.jpg,640,480,3,http://farm6.staticflickr.com/5173/5532812906_0944845145_z.jpg
532690,000000532690.jpg,http://images.cocodataset.org/val2017/000000532690.jpg,528,640,4,http://farm1.staticflickr.com/155/353485795_d364074053_z.jpg
534041,000000534041.jpg,http://images.cocodataset.org/val2017/000000534041.jpg,500,375,4,http://farm1.staticflickr.com/212/526831619_fb699cd049_z.jpg
536343,000000536343.jpg,http://images.cocodataset.org/val2017/000000536343.jpg,263,175,5,http://farm9.staticflickr.com/8001/7579423356_f802694727_z.jpg
536947,000000536947.jpg,http://images.cocodataset.org/val2017/000000536947.jpg,640,480,3,http://farm4.staticflickr.com/3201/2889224076_82d3147863_z.jpg
537241,000000537241.jpg,http://images.cocodataset.org/val2017/000000537241.jpg,640,427,3,http://farm4.staticflickr.com/3713/9651799677_2af9488925_z.jpg
537964,000000537964.jpg,http://images.cocodataset.org/val2017/000000537964.jpg,640,430,1,http://farm3.staticflickr.com/2799/4360903003_32fc3de643_z.jpg
538236,000000538236.jpg,http://images.cocodataset.org/val2017/000000538236.jpg,640,428,3,http://farm3.staticflickr.com/2561/5776552603_228dc7b502_z.jpg
541291,000000541291.jpg,http://images.cocodataset.org/val2017/000000541291.jpg,640,426,3,http://farm5.staticflickr.com/4077/4940626716_384565daff_z.jpg
544052,000000544052.jpg,http://images.cocodataset.org/val2017/000000544052.jpg,640,640,1,http://farm4.staticflickr.com/3035/5796962259_1c669d7608_z.jpg
544565,000000544565.jpg,http://images.cocodataset.org/val2017/000000544565.jpg,640,640,4,http://farm9.staticflickr.com/8385/8637201534_da86391cc8_z.jpg
546325,000000546325.jpg,http://images.cocodataset.org/val2017/000000546325.jpg,480,640,1,http://farm4.staticflickr.com/3085/3152852897_c66536049f_z.jpg
547144,000000547144.jpg,http://images.cocodataset.org/val2017/000000547144.jpg,640,480,4,http://farm3.staticflickr.com/2408/2527139847_ee51ca4ce3_z.jpg
547886,000000547886.jpg,http://images.cocodataset.org/val2017/000000547886.jpg,640,427,1,http://farm8.staticflickr.com/7219/7361352368_f4c3582554_z.jpg
548267,000000548267.jpg,http://images.cocodataset.org/val2017/000000548267.jpg,640,480,5,http://farm3.staticflickr.com/2627/3960529328_5d544caf16_z.jpg
548555,000000548555.jpg,http://images.cocodataset.org/val2017/000000548555.jpg,640,426,1,http://farm2.staticflickr.com/1127/5118458132_ae24f84134_z.jpg
548780,000000548780.jpg,http://images.cocodataset.org/val2017/000000548780.jpg,640,427,5,http://farm9.staticflickr.com/8451/8030321271_ebc4c4820c_z.jpg
550349,000000550349.jpg,http://images.cocodataset.org/val2017/000000550349.jpg,480,640,3,http://farm7.staticflickr.com/6008/5981982935_d8622013da_z.jpg
551350,000000551350.jpg,http://images.cocodataset.org/val2017/000000551350.jpg,640,480,3,http://farm1.staticflickr.com/3/6787416_c65131f740_z.jpg
551822,000000551822.jpg,http://images.cocodataset.org/val2017/000000551822.jpg,640,453,1,http://farm9.staticflickr.com/8190/8108920806_c7fff05f4e_z.jpg
552612,000000552612.jpg,http://images.cocodataset.org/val2017/000000552612.jpg,612,612,2,http://farm7.staticflickr.com/6060/6340148093_a6678525df_z.jpg
552775,000000552775.jpg,http://images.cocodataset.org/val2017/000000552775.jpg,375,500,1,http://farm4.staticflickr.com/3136/3106037881_9028de2168_z.jpg
553731,000000553731.jpg,http://images.cocodataset.org/val2017/000000553731.jpg,640,428,3,http://farm3.staticflickr.com/2433/3564009427_6f58d99dcd_z.jpg
554266,000000554266.jpg,http://images.cocodataset.org/val2017/000000554266.jpg,640,253,3,http://farm4.staticflickr.com/3099/3226049395_b5478ab509_z.jpg
554328,000000554328.jpg,http://images.cocodataset.org/val2017/000000554328.jpg,640,499,1,http://farm5.staticflickr.com/4149/5072971882_8bb1f01b18_z.jpg
556765,000000556765.jpg,http://images.cocodataset.org/val2017/000000556765.jpg,640,428,1,http://farm5.staticflickr.com/4129/4964123874_a200cc5593_z.jpg
558114,000000558114.jpg,http://images.cocodataset.org/val2017/000000558114.jpg,640,480,1,http://farm6.staticflickr.com/5281/5276168929_d4bab749b2_z.jpg
559547,000000559547.jpg,http://images.cocodataset.org/val2017/000000559547.jpg,640,491,1,http://farm9.staticflickr.com/8008/7595393194_6dfdeb81cf_z.jpg
559707,000000559707.jpg,http://images.cocodataset.org/val2017/000000559707.jpg,478,640,2,http://farm6.staticflickr.com/5292/5493024293_ceced0e4b7_z.jpg
560279,000000560279.jpg,http://images.cocodataset.org/val2017/000000560279.jpg,612,612,2,http://farm9.staticflickr.com/8238/8370118697_3fc6f4a5a9_z.jpg
560371,000000560371.jpg,http://images.cocodataset.org/val2017/000000560371.jpg,640,427,4,http://farm4.staticflickr.com/3081/2368167876_cb13e711e8_z.jpg
562561,000000562561.jpg,http://images.cocodataset.org/val2017/000000562561.jpg,640,480,3,http://farm3.staticflickr.com/2428/3584739412_c82ec72682_z.jpg
562581,000000562581.jpg,http://images.cocodataset.org/val2017/000000562581.jpg,640,444,1,http://farm1.staticflickr.com/23/31120984_8a7f01b385_z.jpg
563882,000000563882.jpg,http://images.cocodataset.org/val2017/000000563882.jpg,640,425,1,http://farm4.staticflickr.com/3321/4605648760_d42dd12aaa_z.jpg
564280,000000564280.jpg,http://images.cocodataset.org/val2017/000000564280.jpg,640,425,3,http://farm5.staticflickr.com/4039/4518810022_8d9e1d881f_z.jpg
565012,000000565012.jpg,http://images.cocodataset.org/val2017/000000565012.jpg,640,425,3,http://farm6.staticflickr.com/5146/5575833171_8116b23c1c_z.jpg
567898,000000567898.jpg,http://images.cocodataset.org/val2017/000000567898.jpg,640,454,1,http://farm2.staticflickr.com/1428/543114026_30abfddf1e_z.jpg
568195,000000568195.jpg,http://images.cocodataset.org/val2017/000000568195.jpg,427,640,6,http://farm9.staticflickr.com/8281/7717707852_47180c518d_z.jpg
569972,000000569972.jpg,http://images.cocodataset.org/val2017/000000569972.jpg,640,574,2,http://farm2.staticflickr.com/1429/5147095348_7c3f0734ec_z.jpg
573094,000000573094.jpg,http://images.cocodataset.org/val2017/000000573094.jpg,375,500,1,http://farm3.staticflickr.com/2705/4179772471_6039ec56a7_z.jpg
577735,000000577735.jpg,http://images.cocodataset.org/val2017/000000577735.jpg,640,480,1,http://farm4.staticflickr.com/3013/2442315991_8216aed3e5_z.jpg
577864,000000577864.jpg,http://images.cocodataset.org/val2017/000000577864.jpg,640,426,1,http://farm1.staticflickr.com/24/63310597_1316e302ba_z.jpg
577932,000000577932.jpg,http://images.cocodataset.org/val2017/000000577932.jpg,640,543,4,http://farm5.staticflickr.com/4019/5159956078_f820c56d6f_z.jpg
578792,000000578792.jpg,http://images.cocodataset.org/val2017/000000578792.jpg,640,427,2,http://farm9.staticflickr.com/8529/8636983627_f01c940e62_z.jpg
580294,000000580294.jpg,http://images.cocodataset.org/val2017/000000580294.jpg,640,443,2,http://farm1.staticflickr.com/179/381168089_d519464f9f_z.jpg
